title,user_id,content
【 質問未設定 】,1,"回答未設定"
【 質問未設定 】,1,"回答未設定"
【 質問未設定 】,1,"回答未設定"
【 質問未設定 】,1,"回答未設定"
【 質問未設定 】,1,"回答未設定"
【 質問未設定 】,1,"回答未設定"
【 質問未設定 】,1,"回答未設定"
【 質問未設定 】,1,"回答未設定"
【 質問未設定 】,1,"回答未設定"
【 質問未設定 】,1,"回答未設定"
【 質問未設定 】,1,"回答未設定"
【 質問未設定 】,1,"回答未設定"
【 質問未設定 】,1,"回答未設定"
【 質問未設定 】,1,"回答未設定"
【 質問未設定 】,1,"回答未設定"
【 質問未設定 】,1,"回答未設定"
【 質問未設定 】,1,"回答未設定"
【 質問未設定 】,1,"回答未設定"
【 質問未設定 】,1,"回答未設定"
【 質問未設定 】,1,"回答未設定"
【 質問未設定 】,1,"回答未設定"
【 質問未設定 】,1,"回答未設定"
【 質問未設定 】,1,"回答未設定"
【 質問未設定 】,1,"回答未設定"
【 質問未設定 】,1,"回答未設定"
【 質問未設定 】,1,"回答未設定"
【 質問未設定 】,1,"回答未設定"
【 質問未設定 】,1,"回答未設定"
【 質問未設定 】,1,"回答未設定"
【 質問未設定 】,1,"回答未設定"
【 質問未設定 】,1,"回答未設定"
【 質問未設定 】,1,"回答未設定"
【 質問未設定 】,1,"回答未設定"
【 質問未設定 】,1,"回答未設定"
【 質問未設定 】,1,"回答未設定"
【 質問未設定 】,1,"回答未設定"
【 質問未設定 】,1,"回答未設定"
【 質問未設定 】,1,"回答未設定"
【 質問未設定 】,1,"回答未設定"
【 質問未設定 】,1,"回答未設定"
【 質問未設定 】,1,"回答未設定"
【 質問未設定 】,1,"回答未設定"
【 質問未設定 】,1,"回答未設定"
【 質問未設定 】,1,"回答未設定"
【 質問未設定 】,1,"回答未設定"
【 質問未設定 】,1,"回答未設定"
【 質問未設定 】,1,"回答未設定"
【 質問未設定 】,1,"回答未設定"
【 質問未設定 】,1,"回答未設定"
【 質問未設定 】,1,"回答未設定"
【 質問未設定 】,1,"回答未設定"
【 質問未設定 】,1,"回答未設定"
【 質問未設定 】,1,"回答未設定"
【 質問未設定 】,1,"回答未設定"
【 質問未設定 】,1,"回答未設定"
【 質問未設定 】,1,"回答未設定"
【 質問未設定 】,1,"回答未設定"
【 質問未設定 】,1,"回答未設定"
【 質問未設定 】,1,"回答未設定"
【 質問未設定 】,1,"回答未設定"
【 質問未設定 】,1,"回答未設定"
【 質問未設定 】,1,"回答未設定"
【 質問未設定 】,1,"回答未設定"
【 質問未設定 】,1,"回答未設定"
【 質問未設定 】,1,"回答未設定"
【 質問未設定 】,1,"回答未設定"
【 質問未設定 】,1,"回答未設定"
【 質問未設定 】,1,"回答未設定"
【 質問未設定 】,1,"回答未設定"
【 質問未設定 】,1,"回答未設定"
【 質問未設定 】,1,"回答未設定"
【 質問未設定 】,1,"回答未設定"
【 質問未設定 】,1,"回答未設定"
【 質問未設定 】,1,"回答未設定"
【 質問未設定 】,1,"回答未設定"
【 質問未設定 】,1,"回答未設定"
【 質問未設定 】,1,"回答未設定"
【 質問未設定 】,1,"回答未設定"
【 質問未設定 】,1,"回答未設定"
【 質問未設定 】,1,"回答未設定"
【 質問未設定 】,1,"回答未設定"
【 質問未設定 】,1,"回答未設定"
【 質問未設定 】,1,"回答未設定"
【 質問未設定 】,1,"回答未設定"
【 質問未設定 】,1,"回答未設定"
【 質問未設定 】,1,"回答未設定"
【 質問未設定 】,1,"回答未設定"
【 質問未設定 】,1,"回答未設定"
【 質問未設定 】,1,"回答未設定"
【 質問未設定 】,1,"回答未設定"
【 質問未設定 】,1,"回答未設定"
【 質問未設定 】,1,"回答未設定"
【 質問未設定 】,1,"回答未設定"
【 質問未設定 】,1,"回答未設定"
【 質問未設定 】,1,"回答未設定"
【 質問未設定 】,1,"回答未設定"
【 質問未設定 】,1,"回答未設定"
【 質問未設定 】,1,"回答未設定"
【 質問未設定 】,1,"回答未設定"
【 質問未設定 】,1,"回答未設定"