title,content
【 第1章 】筆記試験合格後の流れ,"テストテストテスト  
テストテストテスト。

## 1.テストの作成

テストテストテスト。  

テストテストテスト  

テストテストテスト

テストテストテスト 

テストテストテスト

"
【 第2章 】採用実績,"次にテストテストテスト、  
テストテストテスト
"
【 第3章 】面接の心得,"テストテストテスト  
テストテストテスト  

## 1.テストテストテスト

テストテストテスト。  

"
【 第4章 】人事委員会面接合格後の流れ,"テストテストテスト  
テストテストテスト。

## 1.テストの作成

テストテストテスト。  

テストテストテスト  

テストテストテスト

テストテストテスト 

テストテストテスト

"
【 第5章 】各区の採用実績,"次にテストテストテスト、  
テストテストテスト
"
【 第6章 】テスト,"テストテストテスト  
テストテストテスト  

## 1.テストテストテスト

テストテストテスト。  

"
【 第7章 】テスト,"テストテストテスト  
テストテストテスト。

## 1.テストの作成

テストテストテスト。  

テストテストテスト  

テストテストテスト

テストテストテスト 

テストテストテスト

"
【 第8章 】テスト,"次にテストテストテスト、  
テストテストテスト
"
【 第9章 】テスト,"テストテストテスト  
テストテストテスト  

## 1.テストテストテスト

テストテストテスト。  

"
【 第10章 】テスト,"テストテストテスト  
テストテストテスト  

## 1.テストテストテスト

テストテストテスト。  

"
【 第11章 】テスト,"テストテストテスト  
テストテストテスト  

## 1.テストテストテスト

テストテストテスト。  

"
